{"pages":["custom.png"],"chars":[{"id":209,"index":146,"char":"Ñ","width":30,"height":44,"xoffset":2,"yoffset":-4,"xadvance":34,"chnl":15,"x":0,"y":0,"page":0},{"id":243,"index":180,"char":"ó","width":27,"height":39,"xoffset":0,"yoffset":2,"xadvance":27,"chnl":15,"x":0,"y":45,"page":0},{"id":72,"index":46,"char":"H","width":28,"height":36,"xoffset":2,"yoffset":4,"xadvance":32,"chnl":15,"x":0,"y":85,"page":0},{"id":97,"index":71,"char":"a","width":22,"height":28,"xoffset":0,"yoffset":13,"xadvance":23,"chnl":15,"x":28,"y":45,"page":0},{"id":122,"index":96,"char":"z","width":23,"height":27,"xoffset":-1,"yoffset":13,"xadvance":21,"chnl":15,"x":31,"y":0,"page":0}],"info":{"face":"custom","size":42,"bold":0,"italic":0,"charset":["a","Ñ","H","ó","z"],"unicode":1,"stretchH":100,"smooth":1,"aa":1,"padding":[2,2,2,2],"spacing":[0,0]},"common":{"lineHeight":45,"base":36,"scaleW":256,"scaleH":256,"pages":1,"packed":0,"alphaChnl":0,"redChnl":0,"greenChnl":0,"blueChnl":0},"distanceField":{"fieldType":"msdf","distanceRange":4},"kernings":[{"first":243,"second":97,"amount":-1}]}